<metadata xml:lang="en"><Esri><CreaDate>20200720</CreaDate><CreaTime>09201200</CreaTime><ArcGISFormat>1.0</ArcGISFormat><ArcGISstyle>ISO 19139 Metadata Implementation Specification</ArcGISstyle><SyncOnce>FALSE</SyncOnce><DataProperties><lineage><Process ToolSource="c:\program files (x86)\arcgis\desktop10.6\ArcToolbox\Toolboxes\Data Management Tools.tbx\Project" Date="20200720" Time="092012">Project "EVChargePoints\EV Charge Points" \\cccmaps\maps\Reference\Reference.gdb\Transport\EVChargePoints PROJCS['IRENET95_Irish_Transverse_Mercator',GEOGCS['GCS_IRENET95',DATUM['D_IRENET95',SPHEROID['GRS_1980',6378137.0,298.257222101]],PRIMEM['Greenwich',0.0],UNIT['Degree',0.0174532925199433]],PROJECTION['Transverse_Mercator'],PARAMETER['False_Easting',600000.0],PARAMETER['False_Northing',750000.0],PARAMETER['Central_Meridian',-8.0],PARAMETER['Scale_Factor',0.99982],PARAMETER['Latitude_Of_Origin',53.5],UNIT['Meter',1.0]] IRENET95_To_WGS_1984_1 PROJCS['WGS_1984_Web_Mercator_Auxiliary_Sphere',GEOGCS['GCS_WGS_1984',DATUM['D_WGS_1984',SPHEROID['WGS_1984',6378137.0,298.257223563]],PRIMEM['Greenwich',0.0],UNIT['Degree',0.0174532925199433]],PROJECTION['Mercator_Auxiliary_Sphere'],PARAMETER['False_Easting',0.0],PARAMETER['False_Northing',0.0],PARAMETER['Central_Meridian',0.0],PARAMETER['Standard_Parallel_1',0.0],PARAMETER['Auxiliary_Sphere_Type',0.0],UNIT['Meter',1.0]] NO_PRESERVE_SHAPE # NO_VERTICAL</Process><Process ToolSource="c:\program files (x86)\arcgis\desktop10.6\ArcToolbox\Toolboxes\Conversion Tools.tbx\FeatureClassToFeatureClass" Date="20210504" Time="155934">FeatureClassToFeatureClass \\cccmaps\maps\Reference\Reference.gdb\Transport\EVChargePoints "\\cccmaps\maps\WebMapData\Open Data" ElectricVehicleChargePoints.shp # "Name "Name" true true false 50 Text 0 0 ,First,#,\\cccmaps\maps\Reference\Reference.gdb\Transport\EVChargePoints,Name,-1,-1;Details "Details" true true false 100 Text 0 0 ,First,#,\\cccmaps\maps\Reference\Reference.gdb\Transport\EVChargePoints,Details,-1,-1;Long_ "Longitude" true true false 50 Text 0 0 ,First,#,\\cccmaps\maps\Reference\Reference.gdb\Transport\EVChargePoints,Long_,-1,-1;Latitude "Latitude" true true false 50 Text 0 0 ,First,#,\\cccmaps\maps\Reference\Reference.gdb\Transport\EVChargePoints,Latitude,-1,-1;Type_ "Type" true true false 50 Text 0 0 ,First,#,\\cccmaps\maps\Reference\Reference.gdb\Transport\EVChargePoints,Type_,-1,-1" #</Process></lineage><itemProps><itemName Sync="TRUE">ElectricVehicleChargePoints</itemName><imsContentType Sync="TRUE">002</imsContentType><itemSize Sync="TRUE">0.000</itemSize><itemLocation><linkage Sync="TRUE">file://\\cccmaps\maps\WebMapData\Open Data\ElectricVehicleChargePoints.shp</linkage><protocol Sync="TRUE">Local Area Network</protocol></itemLocation></itemProps><coordRef><type Sync="TRUE">Projected</type><geogcsn Sync="TRUE">GCS_IRENET95</geogcsn><csUnits Sync="TRUE">Linear Unit: Meter (1.000000)</csUnits><projcsn Sync="TRUE">IRENET95_Irish_Transverse_Mercator</projcsn><peXml Sync="TRUE">&lt;ProjectedCoordinateSystem xsi:type='typens:ProjectedCoordinateSystem' xmlns:xsi='http://www.w3.org/2001/XMLSchema-instance' xmlns:xs='http://www.w3.org/2001/XMLSchema' xmlns:typens='http://www.esri.com/schemas/ArcGIS/10.6'&gt;&lt;WKT&gt;PROJCS[&amp;quot;IRENET95_Irish_Transverse_Mercator&amp;quot;,GEOGCS[&amp;quot;GCS_IRENET95&amp;quot;,DATUM[&amp;quot;D_IRENET95&amp;quot;,SPHEROID[&amp;quot;GRS_1980&amp;quot;,6378137.0,298.257222101]],PRIMEM[&amp;quot;Greenwich&amp;quot;,0.0],UNIT[&amp;quot;Degree&amp;quot;,0.0174532925199433]],PROJECTION[&amp;quot;Transverse_Mercator&amp;quot;],PARAMETER[&amp;quot;False_Easting&amp;quot;,600000.0],PARAMETER[&amp;quot;False_Northing&amp;quot;,750000.0],PARAMETER[&amp;quot;Central_Meridian&amp;quot;,-8.0],PARAMETER[&amp;quot;Scale_Factor&amp;quot;,0.99982],PARAMETER[&amp;quot;Latitude_Of_Origin&amp;quot;,53.5],UNIT[&amp;quot;Meter&amp;quot;,1.0],AUTHORITY[&amp;quot;EPSG&amp;quot;,2157]]&lt;/WKT&gt;&lt;XOrigin&gt;-5022200&lt;/XOrigin&gt;&lt;YOrigin&gt;-15179500&lt;/YOrigin&gt;&lt;XYScale&gt;450346452.34347922&lt;/XYScale&gt;&lt;ZOrigin&gt;-100000&lt;/ZOrigin&gt;&lt;ZScale&gt;10000&lt;/ZScale&gt;&lt;MOrigin&gt;-100000&lt;/MOrigin&gt;&lt;MScale&gt;10000&lt;/MScale&gt;&lt;XYTolerance&gt;0.001&lt;/XYTolerance&gt;&lt;ZTolerance&gt;0.001&lt;/ZTolerance&gt;&lt;MTolerance&gt;0.001&lt;/MTolerance&gt;&lt;HighPrecision&gt;true&lt;/HighPrecision&gt;&lt;WKID&gt;2157&lt;/WKID&gt;&lt;LatestWKID&gt;2157&lt;/LatestWKID&gt;&lt;/ProjectedCoordinateSystem&gt;</peXml></coordRef></DataProperties><SyncDate>20210504</SyncDate><SyncTime>15593100</SyncTime><ModDate>20210504</ModDate><ModTime>15593100</ModTime></Esri><dataIdInfo><envirDesc Sync="TRUE"> Version 6.2 (Build 9200) ; Esri ArcGIS 10.6.1.9270</envirDesc><dataLang><languageCode value="eng" Sync="TRUE"></languageCode><countryCode value="IRL" Sync="TRUE"></countryCode></dataLang><idCitation><resTitle Sync="TRUE">ElectricVehicleChargePoints</resTitle><presForm><PresFormCd value="005" Sync="TRUE"></PresFormCd></presForm></idCitation><spatRpType><SpatRepTypCd value="001" Sync="TRUE"></SpatRepTypCd></spatRpType></dataIdInfo><mdLang><languageCode value="eng" Sync="TRUE"></languageCode><countryCode value="IRL" Sync="TRUE"></countryCode></mdLang><distInfo><distFormat><formatName Sync="TRUE">Shapefile</formatName></distFormat><distTranOps><transSize Sync="TRUE">0.000</transSize></distTranOps></distInfo><mdHrLv><ScopeCd value="005" Sync="TRUE"></ScopeCd></mdHrLv><mdHrLvName Sync="TRUE">dataset</mdHrLvName><refSysInfo><RefSystem><refSysID><identCode code="2157" Sync="TRUE"></identCode><idCodeSpace Sync="TRUE">EPSG</idCodeSpace><idVersion Sync="TRUE">6.5.1(8.1.2)</idVersion></refSysID></RefSystem></refSysInfo><spatRepInfo><VectSpatRep><geometObjs Name="ElectricVehicleChargePoints"><geoObjTyp><GeoObjTypCd value="004" Sync="TRUE"></GeoObjTypCd></geoObjTyp><geoObjCnt Sync="TRUE">0</geoObjCnt></geometObjs><topLvl><TopoLevCd value="001" Sync="TRUE"></TopoLevCd></topLvl></VectSpatRep></spatRepInfo><spdoinfo><ptvctinf><esriterm Name="ElectricVehicleChargePoints"><efeatyp Sync="TRUE">Simple</efeatyp><efeageom code="1" Sync="TRUE"></efeageom><esritopo Sync="TRUE">FALSE</esritopo><efeacnt Sync="TRUE">0</efeacnt><spindex Sync="TRUE">FALSE</spindex><linrefer Sync="TRUE">FALSE</linrefer></esriterm></ptvctinf></spdoinfo><eainfo><detailed Name="ElectricVehicleChargePoints"><enttyp><enttypl Sync="TRUE">ElectricVehicleChargePoints</enttypl><enttypt Sync="TRUE">Feature Class</enttypt><enttypc Sync="TRUE">0</enttypc></enttyp><attr><attrlabl Sync="TRUE">FID</attrlabl><attalias Sync="TRUE">FID</attalias><attrtype Sync="TRUE">OID</attrtype><attwidth Sync="TRUE">4</attwidth><atprecis Sync="TRUE">0</atprecis><attscale Sync="TRUE">0</attscale><attrdef Sync="TRUE">Internal feature number.</attrdef><attrdefs Sync="TRUE">Esri</attrdefs><attrdomv><udom Sync="TRUE">Sequential unique whole numbers that are automatically generated.</udom></attrdomv></attr><attr><attrlabl Sync="TRUE">Shape</attrlabl><attalias Sync="TRUE">Shape</attalias><attrtype Sync="TRUE">Geometry</attrtype><attwidth Sync="TRUE">0</attwidth><atprecis Sync="TRUE">0</atprecis><attscale Sync="TRUE">0</attscale><attrdef Sync="TRUE">Feature geometry.</attrdef><attrdefs Sync="TRUE">Esri</attrdefs><attrdomv><udom Sync="TRUE">Coordinates defining the features.</udom></attrdomv></attr><attr><attrlabl Sync="TRUE">Name</attrlabl><attalias Sync="TRUE">Name</attalias><attrtype Sync="TRUE">String</attrtype><attwidth Sync="TRUE">50</attwidth><atprecis Sync="TRUE">0</atprecis><attscale Sync="TRUE">0</attscale></attr><attr><attrlabl Sync="TRUE">Details</attrlabl><attalias Sync="TRUE">Details</attalias><attrtype Sync="TRUE">String</attrtype><attwidth Sync="TRUE">100</attwidth><atprecis Sync="TRUE">0</atprecis><attscale Sync="TRUE">0</attscale></attr><attr><attrlabl Sync="TRUE">Long_</attrlabl><attalias Sync="TRUE">Long_</attalias><attrtype Sync="TRUE">String</attrtype><attwidth Sync="TRUE">50</attwidth><atprecis Sync="TRUE">0</atprecis><attscale Sync="TRUE">0</attscale></attr><attr><attrlabl Sync="TRUE">Latitude</attrlabl><attalias Sync="TRUE">Latitude</attalias><attrtype Sync="TRUE">String</attrtype><attwidth Sync="TRUE">50</attwidth><atprecis Sync="TRUE">0</atprecis><attscale Sync="TRUE">0</attscale></attr><attr><attrlabl Sync="TRUE">Type_</attrlabl><attalias Sync="TRUE">Type_</attalias><attrtype Sync="TRUE">String</attrtype><attwidth Sync="TRUE">50</attwidth><atprecis Sync="TRUE">0</atprecis><attscale Sync="TRUE">0</attscale></attr></detailed></eainfo><mdDateSt Sync="TRUE">20210504</mdDateSt></metadata>
